It's Only the Himalayas,45.17,http://books.toscrape.com/media/cache/27/a5/27a53d0bb95bdd88288eaf66c9230d7e.jpg
Full Moon over Noah’s ...,49.43,http://books.toscrape.com/media/cache/57/77/57770cac1628f4407636635f4b85e88c.jpg
See America: A Celebration ...,48.87,http://books.toscrape.com/media/cache/9a/7e/9a7e63f12829df4b43b31d110bf3dc2e.jpg
Vagabonding: An Uncommon Guide ...,36.94,http://books.toscrape.com/media/cache/d5/bf/d5bf0090470b0b8ea46d9c166f7895aa.jpg
Under the Tuscan Sun,37.33,http://books.toscrape.com/media/cache/98/c2/98c2e95c5fd1a4e7cd5f2b63c52826cb.jpg
A Summer In Europe,44.34,http://books.toscrape.com/media/cache/4e/15/4e15150388702ebca2c5a523ac270539.jpg
The Great Railway Bazaar,30.54,http://books.toscrape.com/media/cache/76/de/76de41867f323d7f1f4fbe2fdfc1b2ba.jpg
A Year in Provence ...,56.88,http://books.toscrape.com/media/cache/db/46/db46159b05faa5d95262112bf9c29ddd.jpg
The Road to Little ...,23.21,http://books.toscrape.com/media/cache/e0/4f/e04f8eda2a2fa947aec17640202d9ab0.jpg
Neither Here nor There: ...,38.95,http://books.toscrape.com/media/cache/06/81/0681530a7bc301caf5c3257e1b0f0750.jpg
"1,000 Places to See ...",26.08,http://books.toscrape.com/media/cache/d7/0f/d70f7edd92705c45a82118c3ff6c299d.jpg
Scott Pilgrim's Precious Little ...,52.29,http://books.toscrape.com/media/cache/94/b1/94b1b8b244bce9677c2f29ccc890d4d2.jpg
Tsubasa: WoRLD CHRoNiCLE 2 ...,16.28,http://books.toscrape.com/media/cache/36/df/36df4caaf1420b1183a8235355d39e69.jpg
This One Summer,19.49,http://books.toscrape.com/media/cache/c4/dd/c4ddd9ced89966b0602ec85e00cd5b61.jpg
The Nameless City (The ...,38.16,http://books.toscrape.com/media/cache/f4/79/f479de5f305c2ac0512702cf7155bb74.jpg
"Saga, Volume 5 (Saga ...",51.04,http://books.toscrape.com/media/cache/e1/ea/e1ea6cb36e62ae6dc7b805f68ab9a700.jpg
"Rat Queens, Vol. 3: ...",50.4,http://books.toscrape.com/media/cache/f3/ef/f3efd43ae0fa85d9b325d5e8783e7af5.jpg
"Princess Jellyfish 2-in-1 Omnibus, ...",13.61,http://books.toscrape.com/media/cache/78/0b/780b2c28122750c2c383846155815bf7.jpg
"Pop Gun War, Volume ...",18.97,http://books.toscrape.com/media/cache/c8/2f/c82f629a31b3f47bdb17ac14aa51076d.jpg
Patience,10.16,http://books.toscrape.com/media/cache/01/72/01726c619a05114dca75bd840095016d.jpg
"Outcast, Vol. 1: A ...",15.44,http://books.toscrape.com/media/cache/cb/00/cb004189f548d75ad430d3ed19e6daa9.jpg
orange: The Complete Collection ...,48.41,http://books.toscrape.com/media/cache/03/88/03886a8502ca54dbce0d91c2568ab69d.jpg
"Lumberjanes, Vol. 2: Friendship ...",46.91,http://books.toscrape.com/media/cache/d3/15/d3158e8d3546fb90cced3c1d44a92a34.jpg
"Lumberjanes, Vol. 1: Beware ...",45.61,http://books.toscrape.com/media/cache/7e/a0/7ea062007ef00107e3c16d336b41fab2.jpg
Lumberjanes Vol. 3: A ...,19.92,http://books.toscrape.com/media/cache/5f/b1/5fb1bf88dcfda795606745ce35be5975.jpg
"I Hate Fairyland, Vol. ...",29.17,http://books.toscrape.com/media/cache/aa/74/aa74004807e97a79aa084b5db329a99b.jpg
I am a Hero ...,54.63,http://books.toscrape.com/media/cache/16/d4/16d443437126bf6d536a89312c1995a5.jpg
"Giant Days, Vol. 2 ...",22.11,http://books.toscrape.com/media/cache/90/6f/906f0168b0e155a7077625499b1737b5.jpg
Danganronpa Volume 1,51.99,http://books.toscrape.com/media/cache/78/97/7897eea91c4a85aca58d925861d4afec.jpg
"Codename Baboushka, Volume 1: ...",36.72,http://books.toscrape.com/media/cache/f6/88/f688a9d6a89fdf38e4e88439ee9eda69.jpg
Camp Midnight,17.08,http://books.toscrape.com/media/cache/dd/c9/ddc95df6754df8e71bf969c088056188.jpg
Sophie's World,15.94,http://books.toscrape.com/media/cache/65/71/6571919836ec51ed54f0050c31d8a0cd.jpg
The Death of Humanity: ...,58.11,http://books.toscrape.com/media/cache/71/df/71df730cf38c232ee58a2e407135f055.jpg
The Stranger,17.44,http://books.toscrape.com/media/cache/ea/04/ea0476a6f4c318ceccf5e2f2b39f2b15.jpg
Proofs of God: Classical ...,54.21,http://books.toscrape.com/media/cache/3f/ef/3fef12d9da503693af12997c0ea0897f.jpg
Kierkegaard: A Christian Missionary ...,47.13,http://books.toscrape.com/media/cache/05/ce/05ce699eaf78c0fae20308497c4f496a.jpg
At The Existentialist Café: ...,29.93,http://books.toscrape.com/media/cache/de/76/de76d5c473c358bd41c03cf710692bfb.jpg
Critique of Pure Reason,20.75,http://books.toscrape.com/media/cache/12/6e/126ef8f6473b81808ebbb9cff155e883.jpg
"Run, Spot, Run: The ...",20.02,http://books.toscrape.com/media/cache/91/e6/91e6190dcdd7d6cdeb94a82b60917ec4.jpg
The Nicomachean Ethics,36.34,http://books.toscrape.com/media/cache/f0/aa/f0aa9ae0319b1d6e0706e6053020e696.jpg
Meditations,25.89,http://books.toscrape.com/media/cache/df/c9/dfc9ed72e963572d23233b3a8cb01676.jpg
Beyond Good and Evil,43.38,http://books.toscrape.com/media/cache/ab/45/ab45f300aa15066ad1260d6f1398d03e.jpg
Chase Me (Paris Nights ...,25.27,http://books.toscrape.com/media/cache/9c/2e/9c2e0eb8866b8e3f3b768994fd3d1c1a.jpg
Black Dust,34.53,http://books.toscrape.com/media/cache/44/cc/44ccc99c8f82c33d4f9d2afa4ef25787.jpg
Her Backup Boyfriend (The ...,33.97,http://books.toscrape.com/media/cache/1e/bb/1ebbbc3e2d3249b111033cfc40763b0b.jpg
First and First (Five ...,15.97,http://books.toscrape.com/media/cache/c4/d1/c4d1517cc9370e292366b6132ca9ca36.jpg
Fifty Shades Darker (Fifty ...,21.96,http://books.toscrape.com/media/cache/cc/bd/ccbdae9e29b3594301528fa2c876ec29.jpg
The Wedding Dress,24.12,http://books.toscrape.com/media/cache/28/99/28992d89f4abf54fba183fc8d074adf3.jpg
Suddenly in Love (Lake ...,55.99,http://books.toscrape.com/media/cache/e9/f4/e9f4bc8cf5ffaea1504623c936e90a48.jpg
Something More Than This,16.24,http://books.toscrape.com/media/cache/59/10/5910fbd8a95e8e9de9c660b71e0694e2.jpg
Doing It Over (Most ...,35.61,http://books.toscrape.com/media/cache/e9/25/e9250495a525eb203652ad9da85ccb8e.jpg
The Wedding Pact (The ...,32.61,http://books.toscrape.com/media/cache/7e/67/7e67addd80caaf8a9f9e9daa9cf66bb2.jpg
Hold Your Breath (Search ...,28.82,http://books.toscrape.com/media/cache/0b/89/0b89c3b317d0f89da48356a0b5959c1e.jpg
Dirty (Dive Bar #1),40.83,http://books.toscrape.com/media/cache/ae/90/ae903f6f6d059954be4e85497dd76bf5.jpg
Take Me Home Tonight ...,53.98,http://books.toscrape.com/media/cache/a6/4b/a64b3c559f59748bfdbbe75be3e16075.jpg
Off the Hook (Fishing ...,47.67,http://books.toscrape.com/media/cache/1d/78/1d78fe226e1adb9cb591fa21f8a9bf68.jpg
A Gentleman's Position (Society ...,14.75,http://books.toscrape.com/media/cache/f0/e0/f0e0db3edcb14293a52b51929cc72979.jpg
"Sit, Stay, Love",20.9,http://books.toscrape.com/media/cache/8e/40/8e408552c2e7ee81cd60c03c79f604af.jpg
A Girl's Guide to ...,31.3,http://books.toscrape.com/media/cache/f7/a9/f7a90a63f66ac92cc280def001970ed2.jpg
The Perfect Play (Play ...,59.99,http://books.toscrape.com/media/cache/40/16/4016ffba678f309171d8130135f6eb8e.jpg
Dark Lover (Black Dagger ...,12.87,http://books.toscrape.com/media/cache/3c/a2/3ca2e61181fc1122658af8f85354bae8.jpg
Changing the Game (Play ...,13.38,http://books.toscrape.com/media/cache/57/47/57472d9c6d483bee9c38c90bfa10b3ee.jpg
Birdsong: A Story in ...,54.64,http://books.toscrape.com/media/cache/af/6e/af6e796160fe63e0cf19d44395c7ddf2.jpg
The Bear and the ...,36.89,http://books.toscrape.com/media/cache/cf/bb/cfbb5e62715c6d888fd07794c9bab5d6.jpg
The Secret of Dreadwillow ...,56.13,http://books.toscrape.com/media/cache/c4/a2/c4a2a1a026c67bcceb5a411c724d7d0c.jpg
The White Cat and ...,58.08,http://books.toscrape.com/media/cache/26/32/2632a1e12f2c085fabbe022ae4cd6933.jpg
Little Red,13.47,http://books.toscrape.com/media/cache/80/25/8025b80a40178f2a6dd4f99ad88e0fba.jpg
Walt Disney's Alice in ...,12.96,http://books.toscrape.com/media/cache/28/50/2850439c2ba103fb69dba9cd2dd9f0c2.jpg
Twenty Yawns,22.08,http://books.toscrape.com/media/cache/2b/38/2b380f77723c797c0389f978afa6db58.jpg
Rain Fish,23.57,http://books.toscrape.com/media/cache/bb/e2/bbe26db72b8a32117bfe4981b7cc8147.jpg
Once Was a Time,18.28,http://books.toscrape.com/media/cache/97/12/971212afa8e4ff49d92f678bc889d8b7.jpg
Luis Paints the World,53.95,http://books.toscrape.com/media/cache/85/e7/85e75d5a9309da5807c82decf3d90263.jpg
Nap-a-Roo,25.08,http://books.toscrape.com/media/cache/27/1f/271faa1d7561473974d12803feb1f0a1.jpg
The Whale,35.96,http://books.toscrape.com/media/cache/6c/18/6c18ea03e294bfcfe07cf531c6c5f5b3.jpg
"Shrunken Treasures: Literary Classics, ...",52.87,http://books.toscrape.com/media/cache/4f/1e/4f1ece2500f8dbacecca42d57befca03.jpg
Raymie Nightingale,34.41,http://books.toscrape.com/media/cache/8f/66/8f66ec46e671d6fca79649c10c7c8f8a.jpg
Playing from the Heart,32.38,http://books.toscrape.com/media/cache/1c/eb/1cebdf525ebe970a1dc3c5a8c50eae6b.jpg
Maybe Something Beautiful: How ...,22.54,http://books.toscrape.com/media/cache/c0/bb/c0bb6e42743b9c1aaf9b754501100a5d.jpg
The Wild Robot,56.07,http://books.toscrape.com/media/cache/bf/db/bfdbf9726621276fc7821d705690dbae.jpg
The Thing About Jellyfish,48.77,http://books.toscrape.com/media/cache/e0/90/e090748ce5a567207aed9185c97eb34b.jpg
The Lonely Ones,43.59,http://books.toscrape.com/media/cache/21/bd/21bdf7ae21476b1debf4aa3eefe6f29d.jpg
The Day the Crayons ...,26.33,http://books.toscrape.com/media/cache/ec/08/ec08efebaa33a403e54080b48c139794.jpg
The Secret Garden,15.08,http://books.toscrape.com/media/cache/c5/46/c5465a06182ed6ebfa40d049258a2f58.jpg
The Metamorphosis,28.58,http://books.toscrape.com/media/cache/4a/1b/4a1b6e9c1af75db0dc34ae63344f6883.jpg
The Pilgrim's Progress,50.26,http://books.toscrape.com/media/cache/45/bb/45bb59d19eb3aa868293d44809078418.jpg
The Hound of the ...,14.82,http://books.toscrape.com/media/cache/1f/b0/1fb03cdabe6001c8a2620f65e025cbd5.jpg
Little Women (Little Women ...,28.07,http://books.toscrape.com/media/cache/81/f5/81f559ebe403317226fa8b611e35ce8a.jpg
Gone with the Wind,32.49,http://books.toscrape.com/media/cache/27/82/2782701b5c877cb063065b9fc14c5b13.jpg
Candide,58.63,http://books.toscrape.com/media/cache/e3/c4/e3c4aba2409bb769a6488805e3fc4709.jpg
Animal Farm,57.22,http://books.toscrape.com/media/cache/10/db/10db56354b4550d92270c6f097d9bebc.jpg
Wuthering Heights,17.73,http://books.toscrape.com/media/cache/93/4e/934e966c1ddf559d3ac2b5c1407aaf1e.jpg
The Picture of Dorian ...,29.7,http://books.toscrape.com/media/cache/a6/72/a67245346daa38c2b23a4fc64c6e7115.jpg
The Complete Stories and ...,26.78,http://books.toscrape.com/media/cache/42/c4/42c48f11b7e70a0f76c5ba9cb5c5018a.jpg
Beowulf,38.35,http://books.toscrape.com/media/cache/dd/6e/dd6e7b84e99f3b4b5655ea0db74af2b4.jpg
And Then There Were ...,35.01,http://books.toscrape.com/media/cache/21/bf/21bf2eb0bff3134837def8bd40845ba0.jpg
The Story of Hong ...,43.19,http://books.toscrape.com/media/cache/ab/16/ab16eb035cc58809a73c4699477de9cb.jpg
The Little Prince,45.42,http://books.toscrape.com/media/cache/c0/78/c078355608dd81c7c5e4f5e1c5f73d23.jpg
Sense and Sensibility,37.46,http://books.toscrape.com/media/cache/7d/53/7d53e2264b9647ee307259be9f73585d.jpg
Of Mice and Men,47.11,http://books.toscrape.com/media/cache/0f/ca/0fca4597765ffacdb7bd529fc5eb88fa.jpg
Emma,32.93,http://books.toscrape.com/media/cache/09/63/09638baaef52f03827c215029c632a13.jpg
Alice in Wonderland (Alice's ...,55.53,http://books.toscrape.com/media/cache/96/ee/96ee77d71a31b7694dac6855f6affe4e.jpg
I Had a Nice ...,57.36,http://books.toscrape.com/media/cache/5f/72/5f72c8a0d5a7292e2929a354ec8a022f.jpg
Will You Won't You ...,13.86,http://books.toscrape.com/media/cache/16/e3/16e3ca741956485119251e7442a67e2e.jpg
Keep Me Posted,20.46,http://books.toscrape.com/media/cache/ae/ac/aeac003461b89c7ef826251d940b2afc.jpg
Grey (Fifty Shades #4),48.49,http://books.toscrape.com/media/cache/bb/ee/bbeeab4c4ce572c0e9764e3a96c6d4a5.jpg
Meternity,43.58,http://books.toscrape.com/media/cache/39/e3/39e33ebef2d7a35dd6899541eba8306d.jpg
Some Women,13.73,http://books.toscrape.com/media/cache/27/b7/27b7f4ec590965b5acc15dc4b1376684.jpg
Shopaholic Ties the Knot ...,48.39,http://books.toscrape.com/media/cache/ac/ba/acba5e4e1813b8c1fff4890f1efef3ab.jpg
Can You Keep a ...,21.94,http://books.toscrape.com/media/cache/72/73/7273ff1bfe3b0a6aab7f54ddf9be7b44.jpg
Twenties Girl,42.8,http://books.toscrape.com/media/cache/a0/fa/a0fa38039f6a674a7c89dfe2be866259.jpg
The Undomestic Goddess,45.75,http://books.toscrape.com/media/cache/13/8f/138f4cf84be250d08e1f5c1db3643dbc.jpg
The Nanny Diaries (Nanny ...,52.53,http://books.toscrape.com/media/cache/63/5f/635fb981e464f7427787824b20a15e71.jpg
The Devil Wears Prada ...,44.29,http://books.toscrape.com/media/cache/87/d3/87d34d376555dd0cb75030d1059cc144.jpg
Something Borrowed (Darcy & ...,48.96,http://books.toscrape.com/media/cache/6d/6d/6d6d5799190b4f9ef89f3bbc8b67d60d.jpg
Something Blue (Darcy & ...,54.62,http://books.toscrape.com/media/cache/72/f5/72f5ed312bc82afa386c9cd48d4e36dd.jpg
I've Got Your Number,19.69,http://books.toscrape.com/media/cache/b2/df/b2df826432771838819db89c20e20609.jpg
The Edge of Reason ...,19.18,http://books.toscrape.com/media/cache/db/34/db341aa83daa76cd9f9bd2c86ccb5dba.jpg
Bridget Jones's Diary (Bridget ...,29.82,http://books.toscrape.com/media/cache/0c/32/0c329cbd2adf4e0dc825f892106673b2.jpg
Don't Be a Jerk: ...,37.97,http://books.toscrape.com/media/cache/95/30/953013d044aa313cc162dec414f3969a.jpg
You Are What You ...,21.87,http://books.toscrape.com/media/cache/6b/70/6b70f2cdb17d9ab7551240a88b9211fe.jpg
God: The Most Unpleasant ...,30.03,http://books.toscrape.com/media/cache/1f/db/1fdb125bcb8cee71f3404b4dc293348c.jpg
The Book of Mormon,24.57,http://books.toscrape.com/media/cache/83/db/83dbf86eb0fed1d99de2148eac4eb064.jpg
A History of God: ...,27.62,http://books.toscrape.com/media/cache/71/91/7191a7d76eb6c3a18259541e2c038ae3.jpg
The Bhagavad Gita,57.49,http://books.toscrape.com/media/cache/4e/69/4e69dacc99de838814d0f65c94e67f6c.jpg
Choosing Our Religion: The ...,28.42,http://books.toscrape.com/media/cache/df/ab/dfabeab158046237ddb6b713b794909f.jpg
Soumission,50.1,http://books.toscrape.com/media/cache/3e/ef/3eef99c9d9adef34639f510662022830.jpg
Private Paris (Private #10),47.61,http://books.toscrape.com/media/cache/9d/05/9d0533bae1578846d728a82913b95c26.jpg
"We Love You, Charlie ...",50.27,http://books.toscrape.com/media/cache/5f/15/5f152afdbc42356ecba02f61058a7e5b.jpg
Thirst,17.27,http://books.toscrape.com/media/cache/c4/0a/c40a64f59e7487b1a80a049f6ceb2ba5.jpg
The Murder That Never ...,54.11,http://books.toscrape.com/media/cache/dc/44/dc44f8e2aebac48ca8553814d9b021a8.jpg
Tuesday Nights in 1980,21.04,http://books.toscrape.com/media/cache/6b/da/6bdae061cb92c32b0b83cda8dd10275d.jpg
The Vacationers,42.15,http://books.toscrape.com/media/cache/37/25/372578cc073efae80cf284b56040a488.jpg
The Regional Office Is ...,51.36,http://books.toscrape.com/media/cache/f8/31/f8314c7fdaa79fb7191a583e9a852db8.jpg
Finders Keepers (Bill Hodges ...,53.53,http://books.toscrape.com/media/cache/6a/81/6a81103b1c01a3f6c56e5718a838a4c8.jpg
The Time Keeper,27.88,http://books.toscrape.com/media/cache/8f/f8/8ff8680dde59ea739d6978a01e4d7fe5.jpg
The Testament of Mary,52.67,http://books.toscrape.com/media/cache/83/05/8305154438c91a02cefacf4ec8b53393.jpg
The First Hostage (J.B. ...,25.85,http://books.toscrape.com/media/cache/38/34/3834572e651cdc14b18d348fa4875aa9.jpg
Take Me with You,45.21,http://books.toscrape.com/media/cache/d8/a4/d8a44eda7cbe7bd1207f868e9adc06f3.jpg
Still Life with Bread ...,26.41,http://books.toscrape.com/media/cache/8e/c7/8ec7f310b74ddd7ec3c859e9b0da7389.jpg
Shtum,55.84,http://books.toscrape.com/media/cache/03/16/0316bb6f4785ac69c0643109201bad5d.jpg
My Name Is Lucy ...,41.56,http://books.toscrape.com/media/cache/ca/b1/cab150e556b5fab663a9fec00ed97943.jpg
My Mrs. Brown,24.48,http://books.toscrape.com/media/cache/e0/79/e07906c1e507055da9a2260a74f58273.jpg
Mr. Mercedes (Bill Hodges ...,28.9,http://books.toscrape.com/media/cache/a7/f0/a7f092a7b79f848df0226f808fed489b.jpg
I Am Pilgrim (Pilgrim ...,10.6,http://books.toscrape.com/media/cache/ed/07/ed07c9e7c53d4f33a6eb7d41eb0e6d4a.jpg
Eligible (The Austen Project ...,27.09,http://books.toscrape.com/media/cache/26/3b/263bf5d128bf18553ea8da8bb19e9a0c.jpg
Sharp Objects,47.82,http://books.toscrape.com/media/cache/32/51/3251cf3a3412f53f339e42cac2134093.jpg
"In a Dark, Dark ...",19.63,http://books.toscrape.com/media/cache/23/85/238570a1c284e730dbc737a7e631ae2b.jpg
The Past Never Ends,56.5,http://books.toscrape.com/media/cache/89/b8/89b850edb01851a91f64ba114b96acb6.jpg
A Murder in Time,16.64,http://books.toscrape.com/media/cache/11/aa/11aaad48b5f15e262456ca65294084da.jpg
The Murder of Roger ...,44.1,http://books.toscrape.com/media/cache/29/fe/29fe70b1b2e5a9ba61d4bd331255e19e.jpg
The Last Mile (Amos ...,54.21,http://books.toscrape.com/media/cache/37/f1/37f118b4a56d866e1e8b563759d6966c.jpg
That Darkness (Gardiner and ...,13.92,http://books.toscrape.com/media/cache/44/9e/449ed681142bc336646abee754e96639.jpg
Tastes Like Fear (DI ...,10.69,http://books.toscrape.com/media/cache/3c/91/3c91d97266bd6dda322089695fb46daf.jpg
A Time of Torment ...,48.35,http://books.toscrape.com/media/cache/e8/c0/e8c0ba15066bab950ae161fd60949b9a.jpg
A Study in Scarlet ...,16.73,http://books.toscrape.com/media/cache/8f/a4/8fa41d6caa10e427356b8a590eb4d96b.jpg
Poisonous (Max Revere Novels ...,26.8,http://books.toscrape.com/media/cache/23/52/2352718971d5e166fa9541a5a7d716fa.jpg
Murder at the 42nd ...,54.36,http://books.toscrape.com/media/cache/c3/8d/c38d65cd155b67ca025f0655bd1bb095.jpg
Most Wanted,35.28,http://books.toscrape.com/media/cache/8b/bc/8bbc5ab4c3784b4d9b93eb0fd1fb6fd6.jpg
Hide Away (Eve Duncan ...,11.84,http://books.toscrape.com/media/cache/57/07/5707c3d5d4fd44d943d51730ba7d429a.jpg
Boar Island (Anna Pigeon ...,59.48,http://books.toscrape.com/media/cache/d5/81/d58157866ea8f015a8e4c55b23b8c96f.jpg
The Widow,27.26,http://books.toscrape.com/media/cache/fd/71/fd71fb07247bf911505a351c0670c6dc.jpg
Playing with Fire,13.71,http://books.toscrape.com/media/cache/90/0b/900bd2e60d56b6480a4e8eb2dddb46d6.jpg
What Happened on Beale ...,25.37,http://books.toscrape.com/media/cache/c7/ab/c7abb5e32bd37118a87523dcee0a70a6.jpg
The Bachelor Girl's Guide ...,52.3,http://books.toscrape.com/media/cache/95/d7/95d7541679fcbd579b8a4f2b47231aaf.jpg
Delivering the Truth (Quaker ...,20.89,http://books.toscrape.com/media/cache/57/31/5731a5d46c2c1e88977eb5e6d1337a2e.jpg
The Bulletproof Diet: Lose ...,49.05,http://books.toscrape.com/media/cache/ee/3e/ee3e219d23e73ba71c79b700f183aaed.jpg
"Eat Fat, Get Thin",54.07,http://books.toscrape.com/media/cache/62/3f/623f8e7f7432ce744f4318aae8166ce4.jpg
10-Day Green Smoothie Cleanse: ...,49.71,http://books.toscrape.com/media/cache/23/c2/23c2108ae81327c7f3fb0721976cba5e.jpg
The Art and Science ...,52.98,http://books.toscrape.com/media/cache/4b/d4/4bd43108fb070ad8ebba9cdb00b14069.jpg
Suzie Snowflake: One beautiful ...,54.81,http://books.toscrape.com/media/cache/db/cc/dbcc9d63b73ce9058d53f36465dbe2b2.jpg
The Grownup,35.88,http://books.toscrape.com/media/cache/f4/cb/f4cb1f9c7280bf1fd05fe33d2816080f.jpg
Tipping the Velvet,53.74,http://books.toscrape.com/media/cache/26/0c/260c6ae16bce31c8f8c95daddd9f4a1c.jpg
Forever and Forever: The ...,29.69,http://books.toscrape.com/media/cache/d6/58/d658a1485b130ff26ca5fb0d5975ed2e.jpg
A Flight of Arrows ...,55.53,http://books.toscrape.com/media/cache/82/96/8296f92b70fb1dafefecda92c1d51941.jpg
The House by the ...,36.95,http://books.toscrape.com/media/cache/0d/cb/0dcb33d60b0e79adf8ab9842e697ea2e.jpg
Mrs. Houdini,30.25,http://books.toscrape.com/media/cache/0e/fe/0efe86960cdff718aed01a5c3f65b1c3.jpg
The Marriage of Opposites,28.08,http://books.toscrape.com/media/cache/0f/c2/0fc21ec3489cb23116778ee84f425eca.jpg
Glory over Everything: Beyond ...,45.84,http://books.toscrape.com/media/cache/96/41/964194a317f8ce5ed031bf4c9ceb43ab.jpg
"Love, Lies and Spies",20.55,http://books.toscrape.com/media/cache/7a/22/7a224a6e174af91950e9b124afe54e0e.jpg
A Paris Apartment,39.01,http://books.toscrape.com/media/cache/16/57/16575316618bd7e922d5b0e0f87de2ca.jpg
Lilac Girls,17.28,http://books.toscrape.com/media/cache/6c/2e/6c2e764e3ea89859b52df8de4f12af7a.jpg
The Constant Princess (The ...,16.62,http://books.toscrape.com/media/cache/fc/80/fc80b999ff4b8ef24b7071f62d2bf6d1.jpg
The Invention of Wings,37.34,http://books.toscrape.com/media/cache/62/fa/62fa1e72f06f05762db5d9cedf654153.jpg
World Without End (The ...,32.97,http://books.toscrape.com/media/cache/be/7c/be7ce6fbc9a8e1a5a5b5c32e73cfd78a.jpg
The Passion of Dolssa,28.32,http://books.toscrape.com/media/cache/6b/82/6b822681c4035131560d40dd3b5a6a2e.jpg
Girl With a Pearl ...,26.77,http://books.toscrape.com/media/cache/b7/ad/b7ad37d93d8401c84d7325aa645ff6d5.jpg
Voyager (Outlander #3),21.07,http://books.toscrape.com/media/cache/b5/d8/b5d813da01f2ccd7bcfe34e2b875e752.jpg
The Red Tent,35.66,http://books.toscrape.com/media/cache/b2/8f/b28f211e50e74445ca071d4279d1080d.jpg
The Last Painting of ...,55.55,http://books.toscrape.com/media/cache/bf/fd/bffd473ab232c5f35e8c81bb927f1624.jpg
The Guernsey Literary and ...,49.53,http://books.toscrape.com/media/cache/18/f7/18f7bf6366cd7a8b947fd790d808047b.jpg
Girl in the Blue ...,46.83,http://books.toscrape.com/media/cache/bf/7a/bf7a5bc1d1ebac5e9b6fbb147828a123.jpg
The Long Shadow of ...,10.97,http://books.toscrape.com/media/cache/f2/e5/f2e51dd2b26600459f8eaeb6b9eecaa7.jpg
Silence in the Dark ...,58.33,http://books.toscrape.com/media/cache/bb/1c/bb1c91883579f1f99fe6ebf13b92c1c1.jpg
(Un)Qualified: How God Uses ...,54.0,http://books.toscrape.com/media/cache/cd/db/cddb3eb483ef11a088d519205b7098fb.jpg
Crazy Love: Overwhelmed by ...,47.72,http://books.toscrape.com/media/cache/03/f1/03f1e337afadba35687672b5625a9757.jpg
Blue Like Jazz: Nonreligious ...,25.77,http://books.toscrape.com/media/cache/a2/f5/a2f5b5fd4421d56d37c73a7fb29f5f40.jpg
Dark Notes,19.19,http://books.toscrape.com/media/cache/6e/4e/6e4e8f4f4abd94356a9be840e4681e65.jpg
Logan Kade (Fallen Crest ...,13.12,http://books.toscrape.com/media/cache/d9/4e/d94e6206c2decd3acd9a61b2cbac7eaf.jpg
Amid the Chaos,36.58,http://books.toscrape.com/media/cache/52/46/524655fade1d9fe1475395a3eaff827a.jpg
Libertarianism for Beginners,51.33,http://books.toscrape.com/media/cache/0b/bc/0bbcd0a6f4bcd81ccb1049a52736406e.jpg
Why the Right Went ...,52.65,http://books.toscrape.com/media/cache/db/1b/db1babd3c09b84da800b0e9897fe0097.jpg
Equal Is Unfair: America's ...,56.86,http://books.toscrape.com/media/cache/00/11/001153d2a22d889837efac1703e10a5e.jpg
All the Light We ...,29.87,http://books.toscrape.com/media/cache/41/c3/41c37f7f0e03ee1144dd6fa89483b5d9.jpg
The Girl You Left ...,15.79,http://books.toscrape.com/media/cache/d0/b6/d0b6d59c0662dcbd15d47add40af1ebd.jpg
Online Marketing for Busy ...,46.35,http://books.toscrape.com/media/cache/ea/9b/ea9b2cb8abbb317402e618445bade1e1.jpg
How to Be Miserable: ...,46.03,http://books.toscrape.com/media/cache/da/8b/da8bc9b824dd3f446ef63e438ddbfc85.jpg
"Overload: How to Unplug, ...",52.15,http://books.toscrape.com/media/cache/9c/da/9cda4893c7fce0c1c8eaa34fb092aa04.jpg
You Are a Badass: ...,12.08,http://books.toscrape.com/media/cache/9e/15/9e15d7add5090ff2a17bd71ac96aa55a.jpg
How to Stop Worrying ...,46.49,http://books.toscrape.com/media/cache/4f/08/4f08f7948770912e4e340e10caa604cb.jpg
The Four Agreements: A ...,17.66,http://books.toscrape.com/media/cache/0f/7e/0f7ee69495c0df1d35723f012624a9f8.jpg
The Activist's Tao Te ...,32.24,http://books.toscrape.com/media/cache/96/db/96db61bb53930c560fb4c1c62b583816.jpg
Chasing Heaven: What Dying ...,37.8,http://books.toscrape.com/media/cache/b7/6a/b76a73640d26b09c4a6f373b09050bed.jpg
If I Gave You ...,20.91,http://books.toscrape.com/media/cache/87/fe/87fe3f7f3f62c1b1b81890578c9cf294.jpg
Unreasonable Hope: Finding Faith ...,46.33,http://books.toscrape.com/media/cache/8b/10/8b102daec94d1ea9c6fc36dd3ec1c1fe.jpg
A New Earth: Awakening ...,55.65,http://books.toscrape.com/media/cache/83/c8/83c834b3779be4e577c37ead6d2acf65.jpg
When We Collided,31.77,http://books.toscrape.com/media/cache/08/04/08044269fc197645268a6197c57e6173.jpg
Someone Like You (The ...,52.79,http://books.toscrape.com/media/cache/e3/d0/e3d05227f3fc24f0e0c84ccebe108fb0.jpg
We Are All Completely ...,24.04,http://books.toscrape.com/media/cache/4d/18/4d1891e435c6692c864331c585e0d014.jpg
In Her Wake,12.84,http://books.toscrape.com/media/cache/5d/72/5d72709c6a7a9584a4d1cf07648bfce1.jpg
The Elephant Tree,23.82,http://books.toscrape.com/media/cache/5d/7e/5d7ecde8e81513eba8a64c9fe000744b.jpg
Behind Closed Doors,52.22,http://books.toscrape.com/media/cache/e1/5c/e15c289ba58cea38519e1281e859f0c1.jpg
You (You #1),43.61,http://books.toscrape.com/media/cache/d6/97/d697268540fa982f4dce39f61ed3a342.jpg
The Guilty (Will Robie ...,13.82,http://books.toscrape.com/media/cache/76/de/76deee06ffe45e646c0113af01f4f401.jpg
The 14th Colony (Cotton ...,39.24,http://books.toscrape.com/media/cache/d9/1a/d91aae72af6c1cb2c63163acabe7895c.jpg
Give It Back,18.32,http://books.toscrape.com/media/cache/8b/7c/8b7c73e075cc687b6890dc0dca9fcbcc.jpg
Killing Floor (Jack Reacher ...,31.49,http://books.toscrape.com/media/cache/eb/e9/ebe9f06ccebf83d9853a846052b58fff.jpg
The Bone Hunters (Lexy ...,59.71,http://books.toscrape.com/media/cache/ee/d4/eed4d5d63d13f0aa86575c90f8ccacb7.jpg
Far From True (Promise ...,34.93,http://books.toscrape.com/media/cache/87/54/8754267f27581996f93e8d94d3c04bf9.jpg
The Travelers,15.77,http://books.toscrape.com/media/cache/2a/a8/2aa8afd15f97617ab75f616766161cda.jpg
Louisa: The Extraordinary Life ...,16.85,http://books.toscrape.com/media/cache/6f/d9/6fd92e5143cbd5bb8bcf034e5f007dde.jpg
Setting the World on ...,21.15,http://books.toscrape.com/media/cache/8b/c4/8bc43a6b42d0283ab4bf611f1b497126.jpg
The Faith of Christopher ...,39.55,http://books.toscrape.com/media/cache/cc/a4/cca4e6a4cd5c207e7ce7d992ff464c3b.jpg
Benjamin Franklin: An American ...,48.19,http://books.toscrape.com/media/cache/25/f8/25f869fa75340fca0fc2a68e8a0412a1.jpg
The Rise of Theodore ...,42.57,http://books.toscrape.com/media/cache/ff/d4/ffd45d95f314555e20c923d3522adea7.jpg
The Dirty Little Secrets ...,33.34,http://books.toscrape.com/media/cache/92/27/92274a95b7c251fea59a2b8a78275ab4.jpg
The Third Wave: An ...,12.61,http://books.toscrape.com/media/cache/d0/77/d077a30042df6b916bfc8d257345c69e.jpg
The 10% Entrepreneur: Live ...,27.55,http://books.toscrape.com/media/cache/82/93/82939ca78da0b724f16ec814849514fd.jpg
Shoe Dog: A Memoir ...,23.99,http://books.toscrape.com/media/cache/19/aa/19aa1184a3565b1dae6092146018e109.jpg
Made to Stick: Why ...,38.85,http://books.toscrape.com/media/cache/e2/2e/e22e4a82d97f9f0689d5295a98f5dcff.jpg
Quench Your Own Thirst: ...,43.14,http://books.toscrape.com/media/cache/2d/fd/2dfdc52bcdbd82dee50372bc46c83e15.jpg
The Art of Startup ...,21.0,http://books.toscrape.com/media/cache/b3/7b/b37be83183f1dcb759d92bda8f8998a4.jpg
Born for This: How ...,21.59,http://books.toscrape.com/media/cache/aa/67/aa677a97ecdcbbde7471f1c90ed0cf6f.jpg
The E-Myth Revisited: Why ...,36.91,http://books.toscrape.com/media/cache/11/2c/112c55a6bcd401c3bd603f5ddb2e6b82.jpg
"Rich Dad, Poor Dad",51.74,http://books.toscrape.com/media/cache/18/f4/18f45d31e3892fee589e23f15d759ee3.jpg
The Lean Startup: How ...,33.92,http://books.toscrape.com/media/cache/39/f1/39f167dff90d7f84f5c8dc5e05d4051b.jpg
Rework,44.88,http://books.toscrape.com/media/cache/54/10/5410a58193e2373c04b3021ade78a82b.jpg
Redeeming Love,20.47,http://books.toscrape.com/media/cache/21/21/2121ba78e26194d92c334fde3850f840.jpg
Close to You,49.46,http://books.toscrape.com/media/cache/fa/f6/faf6d69a42f477e1da80a71f05a4dc25.jpg
Shadows of the Past ...,39.67,http://books.toscrape.com/media/cache/93/e0/93e0ec623673a8f83598c9aa7b6c94ec.jpg
Like Never Before (Walker ...,28.77,http://books.toscrape.com/media/cache/17/e2/17e264d978942f73b859fa1c1d2cf827.jpg
Counted With the Stars ...,17.97,http://books.toscrape.com/media/cache/32/2c/322c1f6cce6d5a69a7d2321779195a0c.jpg
If I Run (If ...,49.97,http://books.toscrape.com/media/cache/c3/d0/c3d0f2fb5cacbca64639a679b962e1b9.jpg
Foolproof Preserving: A Guide ...,30.52,http://books.toscrape.com/media/cache/9f/59/9f59f01fa916a7bb8f0b28a4012179a4.jpg
The Pioneer Woman Cooks: ...,56.41,http://books.toscrape.com/media/cache/b7/f4/b7f4843dbe062d44be1ffcfa16b2faa4.jpg
My Paris Kitchen: Recipes ...,33.37,http://books.toscrape.com/media/cache/f5/65/f565af3d9dd20a1ad72a1e7c4157387d.jpg
Mama Tried: Traditional Italian ...,14.02,http://books.toscrape.com/media/cache/10/c6/10c61093002db1fec4089d8076678624.jpg
"Layered: Baking, Building, and ...",40.11,http://books.toscrape.com/media/cache/98/d1/98d1c979c4bac9e147a6718946578b0f.jpg
The Nerdy Nummies Cookbook: ...,37.34,http://books.toscrape.com/media/cache/61/bd/61bdfe3950643c47d70c37c4123530f3.jpg
The Love and Lemons ...,37.6,http://books.toscrape.com/media/cache/0d/1f/0d1f3f934460f5a50aaa8c366641234c.jpg
The Cookies & Cups ...,41.25,http://books.toscrape.com/media/cache/54/89/54899b4584e941ceced511d81092c88a.jpg
Deliciously Ella Every Day: ...,42.16,http://books.toscrape.com/media/cache/20/f2/20f28657b49f8cb24ed2ec6448bb6df3.jpg
The Help Yourself Cookbook ...,28.77,http://books.toscrape.com/media/cache/c4/dc/c4dcec6f513eaca3f0f3c748d834c46d.jpg
"It's All Easy: Healthy, ...",19.55,http://books.toscrape.com/media/cache/fe/67/fe67c381d6a0c4c00a7c191d16939554.jpg
Barefoot Contessa Back to ...,28.01,http://books.toscrape.com/media/cache/b8/38/b838b65e0e1ac3a9b498dfb1bf004420.jpg
Barefoot Contessa at Home: ...,50.62,http://books.toscrape.com/media/cache/74/aa/74aa29b1ba4147eaf5b46671bf235861.jpg
My Kitchen Year: 136 ...,11.53,http://books.toscrape.com/media/cache/76/a1/76a1516c8d9c3e620626f30840013a85.jpg
Everyday Italian: 125 Simple ...,20.1,http://books.toscrape.com/media/cache/5a/64/5a6499d41ccaad4c4f7eeaa90e16345a.jpg
A la Mode: 120 ...,38.77,http://books.toscrape.com/media/cache/98/19/9819ff3a8290dc6ab8797d00de5ec554.jpg
Cravings: Recipes for What ...,20.5,http://books.toscrape.com/media/cache/ae/5c/ae5ca435fb095e374d2c2aa9f7b6f380.jpg
The Moosewood Cookbook: Recipes ...,12.34,http://books.toscrape.com/media/cache/d4/53/d453cfb6c08dbf76d200ffa858bc9979.jpg
32 Yolks,53.63,http://books.toscrape.com/media/cache/1d/1f/1d1fbd89f0290275b9166877663ee9f5.jpg
Naturally Lean: 125 Nourishing ...,11.38,http://books.toscrape.com/media/cache/e6/b6/e6b66353f9325518994dd8b564290fd7.jpg
Sapiens: A Brief History ...,54.23,http://books.toscrape.com/media/cache/be/a5/bea5697f2534a2f86a3ef27b5a8c12a6.jpg
Unbound: How Eight Technologies ...,25.52,http://books.toscrape.com/media/cache/4a/3b/4a3b055f9e378a95fedbef55e7bab7ce.jpg
The Age of Genius: ...,19.73,http://books.toscrape.com/media/cache/2d/4e/2d4e358712e6c9f1d3bdd78d1a16e5a8.jpg
"Political Suicide: Missteps, Peccadilloes, ...",36.28,http://books.toscrape.com/media/cache/64/44/6444dacdcb9edaadbbd691524622aeb8.jpg
Thomas Jefferson and the ...,59.64,http://books.toscrape.com/media/cache/97/47/974709d437b08e74649b5744471bf472.jpg
Zealot: The Life and ...,24.7,http://books.toscrape.com/media/cache/3d/60/3d6003fc37b842a07c2dbe28e47448e1.jpg
A Distant Mirror: The ...,14.58,http://books.toscrape.com/media/cache/41/d5/41d5fa6a81cdbcbe6b0b15757a4c9144.jpg
1491: New Revelations of ...,21.8,http://books.toscrape.com/media/cache/88/75/8875f384ce9103281b7f6e86a2b8204d.jpg
Brilliant Beacons: A History ...,11.45,http://books.toscrape.com/media/cache/56/cb/56cb66d73fb438d64af14dce8bd8b22b.jpg
"""Most Blessed of the ...",44.48,http://books.toscrape.com/media/cache/11/af/11af7fbd6aec06a75fe207fae92b17e0.jpg
A Short History of ...,52.4,http://books.toscrape.com/media/cache/3c/f6/3cf646523ff7fb8647c500d6325cfcaf.jpg
The Rise and Fall ...,39.67,http://books.toscrape.com/media/cache/e1/02/e102cefae5bb523bc67eb6b49bc18b5d.jpg
Catherine the Great: Portrait ...,58.55,http://books.toscrape.com/media/cache/72/f1/72f13b8f069d3a018d2c378be5a1de20.jpg
The Mathews Men: Seven ...,42.91,http://books.toscrape.com/media/cache/f2/64/f26457d65a03b2636c4bcc7c318f7346.jpg
The Hiding Place,55.91,http://books.toscrape.com/media/cache/cf/18/cf187c1dc5575fcbbf49c58024146c4b.jpg
America's War for the ...,51.22,http://books.toscrape.com/media/cache/eb/17/eb178eceef1e9290591cabd5155571a3.jpg
The Guns of August,14.54,http://books.toscrape.com/media/cache/06/c8/06c897070611b78b80a37333cbb7851c.jpg
House of Lost Worlds: ...,43.7,http://books.toscrape.com/media/cache/43/fd/43fda1db93163d67705264dcfa98aaa5.jpg
The Long Haul (Diary ...,44.07,http://books.toscrape.com/media/cache/46/bd/46bdee520b8136972262fd040533772d.jpg
Old School (Diary of ...,11.83,http://books.toscrape.com/media/cache/df/5d/df5d172abe87deda6d533e3e908d27d8.jpg
I Know What I'm ...,25.98,http://books.toscrape.com/media/cache/ea/7b/ea7bcac4b27a5bf6d4f8125bb7af3361.jpg
Hyperbole and a Half: ...,14.75,http://books.toscrape.com/media/cache/b5/a9/b5a90d1c36a96513942f006345ace3d2.jpg
Dress Your Family in ...,43.68,http://books.toscrape.com/media/cache/df/14/df1418baa09e00b877be35066084c9dc.jpg
Toddlers Are A**holes: It's ...,25.55,http://books.toscrape.com/media/cache/4c/30/4c3041def6f29659e009f61e45e492b0.jpg
When You Are Engulfed ...,30.89,http://books.toscrape.com/media/cache/73/36/733662595aede2dff1a5be1e76a3b936.jpg
Naked,31.69,http://books.toscrape.com/media/cache/e7/12/e71268a559d73826aa64151d47357a12.jpg
Lamb: The Gospel According ...,55.5,http://books.toscrape.com/media/cache/a1/03/a10370da29e4ba78c7a75a14041eae0e.jpg
Holidays on Ice,51.07,http://books.toscrape.com/media/cache/4b/9a/4b9a2a6d4c995e12fe216f6173a582be.jpg
Security,39.25,http://books.toscrape.com/media/cache/da/df/dadfac66a89774b46b10225362724c83.jpg
Follow You Home,21.36,http://books.toscrape.com/media/cache/a7/4b/a74b35375ce874153fd352e33bc7bac9.jpg
The Loney,23.4,http://books.toscrape.com/media/cache/6d/10/6d10387a0175701d4ff456a0c7eee67b.jpg
Pet Sematary,10.56,http://books.toscrape.com/media/cache/7a/72/7a72465b21dbf998323e37b31f9a3f4a.jpg
Doctor Sleep (The Shining ...,40.12,http://books.toscrape.com/media/cache/55/bf/55bfc858c1cb19867e41415532ae43c6.jpg
Psycho: Sanitarium (Psycho #1.5),36.97,http://books.toscrape.com/media/cache/02/5c/025c30a378e2a4190e84f1429e81b803.jpg
Can You Keep a ...,48.64,http://books.toscrape.com/media/cache/0b/2f/0b2f432cc27132f688fcdf29618521e0.jpg
Red Dragon (Hannibal Lecter ...,23.37,http://books.toscrape.com/media/cache/30/66/3066f8bcd2e2ed6b45084355ff084a61.jpg
Dracula the Un-Dead,35.63,http://books.toscrape.com/media/cache/13/ff/13fffcde653948339d3427184b7bd0b5.jpg
Night Shift (Night Shift ...,12.75,http://books.toscrape.com/media/cache/c0/02/c0029d48c2588e6d2a6a31c9f96088ba.jpg
Needful Things,47.51,http://books.toscrape.com/media/cache/2d/e0/2de0eff716ca13d12cf5420e88e1a8b3.jpg
Misery,34.79,http://books.toscrape.com/media/cache/7c/93/7c9302e392e128881e926d19f761da33.jpg
It,25.01,http://books.toscrape.com/media/cache/f7/b7/f7b73392b12909a1e8261ef3f96c5fd1.jpg
'Salem's Lot,49.56,http://books.toscrape.com/media/cache/ee/d3/eed3afc5e444e3da5eec34e2b0036ec7.jpg
The Stand,57.86,http://books.toscrape.com/media/cache/3a/7c/3a7c2393061031e7911d7b533b723391.jpg
The Girl with All ...,49.47,http://books.toscrape.com/media/cache/41/c7/41c74d82b853606fe98182c417b4669c.jpg
House of Leaves,54.89,http://books.toscrape.com/media/cache/14/25/142563ccee483bc07632f9c083a68326.jpg
The Argonauts,10.93,http://books.toscrape.com/media/cache/0a/15/0a1567cd04a6582d333db71337b4e2a6.jpg
M Train,27.18,http://books.toscrape.com/media/cache/d6/e8/d6e8258cee98f80727e99f7ac5aa1b88.jpg
Lab Girl,40.85,http://books.toscrape.com/media/cache/e9/72/e972f8b4abaaa6f8f449479cd9d87be3.jpg
Approval Junkie: Adventures in ...,58.81,http://books.toscrape.com/media/cache/17/aa/17aacb738eace89a635a4eb47a94c11d.jpg
Running with Scissors,12.91,http://books.toscrape.com/media/cache/66/c7/66c7a1537c8901e1e4ec217d1956bae8.jpg
Me Talk Pretty One ...,57.6,http://books.toscrape.com/media/cache/98/9f/989fe700e9e6bdec4fc3217daa5b7df3.jpg
Lust & Wonder,11.87,http://books.toscrape.com/media/cache/61/ba/61ba5bc1ee3d8cb3dd350120ffa3f31e.jpg
Life Without a Recipe,59.04,http://books.toscrape.com/media/cache/80/b3/80b3e38be4204b3b64cdbe8c80dcf1f9.jpg
A Heartbreaking Work of ...,54.29,http://books.toscrape.com/media/cache/7a/58/7a587c5814f33c0c54e8bfa0ef66d690.jpg
The Lucifer Effect: Understanding ...,10.4,http://books.toscrape.com/media/cache/a6/c8/a6c8256b123493472591c5855c7de704.jpg
The Golden Condom: And ...,39.43,http://books.toscrape.com/media/cache/dc/4d/dc4d070e33813a07a4e02f069e6d482f.jpg
It Didn't Start with ...,56.27,http://books.toscrape.com/media/cache/ee/a9/eea9e831f8964b4dc0190c84a1f9a1f6.jpg
An Unquiet Mind: A ...,21.3,http://books.toscrape.com/media/cache/00/29/002924b764dc367dcaa3486fa4c0aa0b.jpg
"Thinking, Fast and Slow",21.14,http://books.toscrape.com/media/cache/b4/a5/b4a56663d56f1e84ee1b15bd819563cc.jpg
Civilization and Its Discontents,59.95,http://books.toscrape.com/media/cache/4d/a6/4da6939a6bbd895a5acdeabad46d1f9f.jpg
8 Keys to Mental ...,31.04,http://books.toscrape.com/media/cache/b8/44/b844a77409f1d53cbb66148820abc217.jpg
Wall and Piece,44.18,http://books.toscrape.com/media/cache/a5/41/a5416b9646aaa7287baa287ec2590270.jpg
Feathers: Displays of Brilliant ...,49.05,http://books.toscrape.com/media/cache/f2/ee/f2ee668cf593ff13a9560c2801e9c2a2.jpg
Art and Fear: Observations ...,48.63,http://books.toscrape.com/media/cache/ef/80/ef80e6100214c486562a73ce76444826.jpg
The New Drawing on ...,43.02,http://books.toscrape.com/media/cache/6a/55/6a55ccd4bc2383f5fe915fbef8bd5a23.jpg
History of Beauty,10.29,http://books.toscrape.com/media/cache/58/a6/58a634c3231b5380544cc330536cb5ea.jpg
The Story of Art,41.14,http://books.toscrape.com/media/cache/bb/36/bb364a10868756d1c0877c928b43b533.jpg
The Art Book,32.34,http://books.toscrape.com/media/cache/99/51/99511f4da1a4a2114e2ed12e6ba17b65.jpg
Ways of Seeing,39.51,http://books.toscrape.com/media/cache/a8/3a/a83a4d31d30dc3cb26a29899a5c3b91d.jpg
"Vampire Knight, Vol. 1 ...",15.4,http://books.toscrape.com/media/cache/4b/97/4b972f89c11900ac0e84726d1f07bfcc.jpg
The Most Perfect Thing: ...,42.96,http://books.toscrape.com/media/cache/d4/8d/d48d5122a15347e9fe2b15ad354d69bf.jpg
Immunity: How Elie Metchnikoff ...,57.36,http://books.toscrape.com/media/cache/26/1c/261c4eaf957ae4aacf2229b482e76dbe.jpg
Sorting the Beef from ...,44.74,http://books.toscrape.com/media/cache/68/ca/68caaf9ac41964d5167a3eb67c638393.jpg
Tipping Point for Planet ...,37.55,http://books.toscrape.com/media/cache/56/97/5697f2f8f628129df01c5790985ffd9b.jpg
The Fabric of the ...,55.91,http://books.toscrape.com/media/cache/5e/7f/5e7f7d9913d4c95d33904770c518d537.jpg
Diary of a Citizen ...,28.41,http://books.toscrape.com/media/cache/33/4f/334fd0ebdf0c0192baf5914d199c53b5.jpg
The Origin of Species,10.01,http://books.toscrape.com/media/cache/da/0d/da0d13699a090516502257a4d7da623f.jpg
The Grand Design,13.76,http://books.toscrape.com/media/cache/08/a9/08a957eb34f8047862e225774c3bdde2.jpg
Peak: Secrets from the ...,16.28,http://books.toscrape.com/media/cache/83/ab/83ab65f938b24fa1a9cb47235be49b57.jpg
"The Elegant Universe: Superstrings, ...",13.03,http://books.toscrape.com/media/cache/69/c8/69c83860995cde393dbe6690ec3f1d4f.jpg
The Disappearing Spoon: And ...,57.35,http://books.toscrape.com/media/cache/f9/69/f969969428b505970a46272fdcea00d3.jpg
"Surely You're Joking, Mr. ...",25.83,http://books.toscrape.com/media/cache/f8/bc/f8bcd489d33473e0819beaecccd5ebac.jpg
Seven Brief Lessons on ...,30.6,http://books.toscrape.com/media/cache/c8/63/c863c222c130a1bc8685a1242dd2523d.jpg
The Selfish Gene,29.45,http://books.toscrape.com/media/cache/08/14/0814f26516fb72b7391d0a742b5928a2.jpg
A Light in the ...,51.77,http://books.toscrape.com/media/cache/2c/da/2cdad67c44b002e7ead0cc35693c0e8b.jpg
The Black Maria,52.15,http://books.toscrape.com/media/cache/58/46/5846057e28022268153beff6d352b06c.jpg
Shakespeare's Sonnets,20.66,http://books.toscrape.com/media/cache/10/48/1048f63d3b5061cd2f424d20b3f9b666.jpg
Olio,23.88,http://books.toscrape.com/media/cache/55/33/553310a7162dfbc2c6d19a84da0df9e1.jpg
You can't bury them ...,33.63,http://books.toscrape.com/media/cache/e9/20/e9203b733126c4a0832a1c7885dc27cf.jpg
Slow States of Collapse: ...,57.31,http://books.toscrape.com/media/cache/72/41/72417db983862010ef0c1a25de98c7d7.jpg
Untitled Collection: Sabbath Poems ...,14.27,http://books.toscrape.com/media/cache/f9/3b/f93b4a650f03a5d21f2436d7813f42c2.jpg
Poems That Make Grown ...,14.19,http://books.toscrape.com/media/cache/38/64/386468a8c3e6b880664bf7885bf6f726.jpg
Night Sky with Exit ...,41.05,http://books.toscrape.com/media/cache/25/54/2554431c797ec725eea50b3f8a83758c.jpg
salt.,46.78,http://books.toscrape.com/media/cache/3f/41/3f4160ada0b16e3c64cd2d0dffe781c8.jpg
Quarter Life Poetry: Poems ...,50.89,http://books.toscrape.com/media/cache/c8/f2/c8f297fab080ddd02b3ed5c17b83af85.jpg
Out of Print: City ...,53.64,http://books.toscrape.com/media/cache/93/d5/93d5c64abfad9ed6a0cb2e26f19f1a1e.jpg
Les Fleurs du Mal,29.04,http://books.toscrape.com/media/cache/36/5b/365b3ab7ab72a6258873716aef6d5c1a.jpg
Howl and Other Poems,40.45,http://books.toscrape.com/media/cache/b7/29/b7293f602efb0c17e305077f8175888a.jpg
Leave This Song Behind: ...,51.17,http://books.toscrape.com/media/cache/31/c7/31c7c5ce7b04d227aa36ecb250b9dad5.jpg
The Collected Poems of ...,15.42,http://books.toscrape.com/media/cache/7e/93/7e934132cd03486649fb492fe702f704.jpg
The Crossover,38.77,http://books.toscrape.com/media/cache/9f/35/9f351ca1978128c60a3b7f85987075b3.jpg
Booked,17.49,http://books.toscrape.com/media/cache/8f/46/8f46bb13feb3a4440a27dfcf688fbaa6.jpg
Twenty Love Poems and ...,30.95,http://books.toscrape.com/media/cache/df/ab/dfab1d94f9190df7c13b63a093a6d16e.jpg
Fifty Shades Freed (Fifty ...,15.36,http://books.toscrape.com/media/cache/18/d8/18d8e02c75c2ef23556c9746fae57e43.jpg
Catastrophic Happiness: Finding Joy ...,37.35,http://books.toscrape.com/media/cache/7d/0b/7d0bb832760e81c281d8d283ba6a2b09.jpg
The Requiem Red,22.65,http://books.toscrape.com/media/cache/68/33/68339b4c9bc034267e1da611ab3b34f8.jpg
Set Me Free,17.46,http://books.toscrape.com/media/cache/5b/88/5b88c52633f53cacf162c15f4f823153.jpg
The Natural History of ...,45.22,http://books.toscrape.com/media/cache/5d/7f/5d7f496cdf5e5962a73ecdcc1505c1d5.jpg
Obsidian (Lux #1),14.86,http://books.toscrape.com/media/cache/fc/72/fc72f158554b4b4164701e1dfa1153c7.jpg
Burning,28.81,http://books.toscrape.com/media/cache/26/95/269507c7bb35d2cec9b61a03d1c28e67.jpg
A Fierce and Subtle ...,28.13,http://books.toscrape.com/media/cache/12/f1/12f1963957f27fa83d51f76b183ef490.jpg
Scarlett Epstein Hates It ...,43.55,http://books.toscrape.com/media/cache/0f/d3/0fd306891f8fd3196653022fd67d6c87.jpg
"Nightingale, Sing",38.28,http://books.toscrape.com/media/cache/18/08/18086e581ad354aa65f945c2b5c51350.jpg
Library of Souls (Miss ...,48.56,http://books.toscrape.com/media/cache/f8/54/f85417465a73e33604624205ba8306cc.jpg
Frostbite (Vampire Academy #2),29.99,http://books.toscrape.com/media/cache/71/76/7176317f1915fa0658bb2fe400441207.jpg
Wild Swans,14.36,http://books.toscrape.com/media/cache/bb/72/bb723ad463531c602ad8bcb244253bf3.jpg
Until Friday Night (The ...,46.31,http://books.toscrape.com/media/cache/19/cf/19cf50aea5bf0e8f4bc016f3745b3dfe.jpg
This Is Where It ...,27.12,http://books.toscrape.com/media/cache/18/0b/180bfe1902cb3c0eb77d7c712efa2a96.jpg
The Darkest Lie,35.35,http://books.toscrape.com/media/cache/1d/3c/1d3c05b772ab846c111970232360d2c5.jpg
My Kind of Crazy,40.36,http://books.toscrape.com/media/cache/46/6e/466e9636819aad1126ac6cefb5313ba8.jpg
Don't Get Caught,55.35,http://books.toscrape.com/media/cache/b2/df/b2df2ea409c5cf28538b67aff424b11f.jpg
Catching Jordan (Hundred Oaks),50.83,http://books.toscrape.com/media/cache/ad/ac/adac97366586d261feab30bf5220756e.jpg
Aristotle and Dante Discover ...,58.14,http://books.toscrape.com/media/cache/61/1a/611aba0ef5b859ba1977ef30677b0194.jpg
The Epidemic (The Program ...,14.44,http://books.toscrape.com/media/cache/87/cd/87cd652c35e2a78535c83becae33cff2.jpg
Stars Above (The Lunar ...,48.05,http://books.toscrape.com/media/cache/fd/5b/fd5b14399052ab552e240ed18ab03c6d.jpg
Without Borders (Wanderlove #1),45.07,http://books.toscrape.com/media/cache/24/e2/24e2f5c9d325c4004d8190c054da86dd.jpg
The Mistake (Off-Campus #2),43.29,http://books.toscrape.com/media/cache/a5/43/a543b100a8c1861c1bf5374ca6b576fe.jpg
The Matchmaker's Playbook (Wingmen ...,55.85,http://books.toscrape.com/media/cache/84/ac/84acb0606c96e55dc729a9d6572a08fb.jpg
The Hook Up (Game ...,36.29,http://books.toscrape.com/media/cache/38/f1/38f1543cd2d51c2728678f5ecc128958.jpg
Shameless,58.35,http://books.toscrape.com/media/cache/a2/19/a2198abf12e3287f84997b35f4e1050e.jpg
Off Sides (Off #1),39.45,http://books.toscrape.com/media/cache/03/ed/03ed67ea504353b91b035151d8e80db2.jpg
Unicorn Tracks,18.78,http://books.toscrape.com/media/cache/76/8e/768ea5924ac1ef6297c2be9959c796c2.jpg
"Saga, Volume 6 (Saga ...",25.02,http://books.toscrape.com/media/cache/43/ae/43aee83ebb31e2122a7215e413770e5c.jpg
Princess Between Worlds (Wide-Awake ...,13.34,http://books.toscrape.com/media/cache/b7/e8/b7e84b78be3d9bb79b71156a5e5d4e42.jpg
Masks and Shadows,56.4,http://books.toscrape.com/media/cache/ff/e8/ffe81bf98f8386ef29e193abfb6f9c1e.jpg
Crown of Midnight (Throne ...,43.29,http://books.toscrape.com/media/cache/66/25/6625e3bbb050de3e42a0c302c0d69f1f.jpg
Avatar: The Last Airbender: ...,28.09,http://books.toscrape.com/media/cache/06/18/061811c5845d0e13bc04b2a755f0830f.jpg
A Court of Thorns ...,52.37,http://books.toscrape.com/media/cache/c0/88/c08816960890396213a423941af65b8f.jpg
Throne of Glass (Throne ...,35.07,http://books.toscrape.com/media/cache/32/d6/32d6aa560e8ddf2a4da1526b95d4c7ab.jpg
The Glittering Court (The ...,44.28,http://books.toscrape.com/media/cache/3e/0b/3e0b16851bec08b6cbf78d5f64af9114.jpg
Hollow City (Miss Peregrine’s ...,42.98,http://books.toscrape.com/media/cache/e2/60/e260b008b7ea7970562295b7bc64b0cb.jpg
The Star-Touched Queen,46.02,http://books.toscrape.com/media/cache/53/5e/535e2be0b423797c2cdc7d98882c820a.jpg
The Hidden Oracle (The ...,52.26,http://books.toscrape.com/media/cache/b4/67/b467a4f01ca6ae8464b9425a156c7c32.jpg
The Bane Chronicles (The ...,44.73,http://books.toscrape.com/media/cache/9a/33/9a333c4a06ce187c5c9d2f5969ddcac2.jpg
Island of Dragons (Unwanteds ...,29.65,http://books.toscrape.com/media/cache/75/b9/75b99691594fde72ccb1831624cfeff6.jpg
Demigods & Magicians: Percy ...,37.51,http://books.toscrape.com/media/cache/8f/80/8f8074d9f035c2a0ef8595ad89f7bcc8.jpg
City of Glass (The ...,56.02,http://books.toscrape.com/media/cache/00/08/0008e65aa431ed3625ad3a4352f8e90d.jpg
Searching for Meaning in ...,38.73,http://books.toscrape.com/media/cache/3b/04/3b045fe0394dc192950a0ec9e3812fe4.jpg
The Star-Touched Queen,32.3,http://books.toscrape.com/media/cache/d3/0d/d30dd8b6be6f9fcfd17178e8083238b6.jpg
A Shard of Ice ...,56.63,http://books.toscrape.com/media/cache/27/64/27649cb5da52970f4bb2fc5234a48578.jpg
King's Folly (The Kinsman ...,39.61,http://books.toscrape.com/media/cache/3e/2d/3e2d526ee062008ab1cbf54f90a5abb2.jpg
The Torch Is Passed: ...,19.09,http://books.toscrape.com/media/cache/33/e5/33e507172541628acfd421503196b578.jpg
The Mindfulness and Acceptance ...,23.89,http://books.toscrape.com/media/cache/f8/6d/f86d08178e3788563ac17be5aefd29f0.jpg
The Art Forger,40.76,http://books.toscrape.com/media/cache/70/fa/70fa6c0437d9c97dbeada6bd32bf9d2c.jpg
On a Midnight Clear,14.07,http://books.toscrape.com/media/cache/a1/14/a114d70e7babf110ba42a389078e9a45.jpg
Judo: Seven Steps to ...,53.9,http://books.toscrape.com/media/cache/5f/52/5f52b1bc6d45daab2e330c744feb0359.jpg
"Shobu Samurai, Project Aryoku ...",29.06,http://books.toscrape.com/media/cache/ae/0c/ae0ccc307568b6d7699786411f3cbcc4.jpg
Modern Romance,28.26,http://books.toscrape.com/media/cache/28/78/2878538a1039d9c4649110499a1393fb.jpg
The White Queen (The ...,25.91,http://books.toscrape.com/media/cache/72/d8/72d861617b6d3aababe6e61e8d3c1056.jpg
The Song of Achilles,37.4,http://books.toscrape.com/media/cache/66/f7/66f79b76d6c6b64fcc8110515c454e09.jpg
The Immortal Life of ...,40.67,http://books.toscrape.com/media/cache/94/ac/94ac87da7b40853013093f08356efa3b.jpg
The Dovekeepers,48.78,http://books.toscrape.com/media/cache/8f/3f/8f3f4d67e30a8129577ccc4664998345.jpg
More Than Music (Chasing ...,37.61,http://books.toscrape.com/media/cache/3f/e7/3fe7073a5caac81929524d2d9488f928.jpg
Code Name Verity (Code ...,22.13,http://books.toscrape.com/media/cache/f5/58/f55886d1bf600529a35e1bd932c78ca0.jpg
Cell,20.29,http://books.toscrape.com/media/cache/0b/97/0b97282ed82b771ed328e05386a84adb.jpg
Angels Walking (Angels Walking ...,34.2,http://books.toscrape.com/media/cache/50/0e/500eeb810e940424827580574e46852c.jpg
A Series of Catastrophes ...,56.48,http://books.toscrape.com/media/cache/9b/20/9b2076ce7414103a093ce2459d089969.jpg
A People's History of ...,40.79,http://books.toscrape.com/media/cache/75/20/75200336c141156746000f7055df344a.jpg
A Brush of Wings ...,55.51,http://books.toscrape.com/media/cache/4d/16/4d163d43cb4aa624e599330a39abace5.jpg
Rook,37.86,http://books.toscrape.com/media/cache/55/33/5533595a623c3bb947c4a5171fc2df08.jpg
The Midnight Watch: A ...,26.2,http://books.toscrape.com/media/cache/97/3a/973a2c3462a18fc90d3b9662d959df37.jpg
The Book of Basketball: ...,44.84,http://books.toscrape.com/media/cache/61/2c/612caeb0b2acb35c100629f0f52a40d7.jpg
Friday Night Lights: A ...,51.22,http://books.toscrape.com/media/cache/7d/cf/7dcf6c3b419bf7e7e3b3b8162b177869.jpg
Sugar Rush (Offensive Line ...,24.42,http://books.toscrape.com/media/cache/c3/a9/c3a90a5baa833a37c29c4b03a444737c.jpg
Settling the Score (The ...,44.91,http://books.toscrape.com/media/cache/9b/4e/9b4ece2ab5a6335c8594c878e2f22df1.jpg
Icing (Aces Hockey #2),40.44,http://books.toscrape.com/media/cache/8d/1e/8d1e285bf672b2ea66879490cc5f6904.jpg
Mesaerion: The Best Science ...,37.59,http://books.toscrape.com/media/cache/09/a3/09a3aef48557576e1a85ba7efea8ecb7.jpg
Join,35.67,http://books.toscrape.com/media/cache/93/63/9363f0065fbad5689f44fcf6e203eef3.jpg
William Shakespeare's Star Wars: ...,43.3,http://books.toscrape.com/media/cache/02/37/0237b445efc18c5562355a5a2c40889c.jpg
The Project,10.65,http://books.toscrape.com/media/cache/10/6e/106e2fc7160712edf8e2ff996dc8cd6c.jpg
Soft Apocalypse,26.12,http://books.toscrape.com/media/cache/f0/06/f0060c756556b855184fa32f66280961.jpg
Sleeping Giants (Themis Files ...,48.74,http://books.toscrape.com/media/cache/c0/72/c072c1ef144d571abd25fe9cc18cceba.jpg
Arena,21.36,http://books.toscrape.com/media/cache/51/88/518810d182843244a404f2a2a614a93b.jpg
Foundation (Foundation (Publication Order) ...,32.42,http://books.toscrape.com/media/cache/8b/92/8b9267df86378b6973974ae7e1924ffe.jpg
The Restaurant at the ...,10.92,http://books.toscrape.com/media/cache/b8/b2/b8b2956acc758a381beef87339c0a52f.jpg
Ready Player One,19.07,http://books.toscrape.com/media/cache/51/34/513418bd1c6114f3ea1fd703278e20ef.jpg
"Life, the Universe and ...",33.26,http://books.toscrape.com/media/cache/ef/8b/ef8bc5adcd3bea8e8ba97be76d07a32a.jpg
Dune (Dune #1),54.86,http://books.toscrape.com/media/cache/7a/bc/7abccb865ecf9b0f676800b10c71cfd6.jpg
Do Androids Dream of ...,51.48,http://books.toscrape.com/media/cache/fa/65/fa653fbe3a4c69227c9b79d471cee576.jpg
Three Wishes (River of ...,44.18,http://books.toscrape.com/media/cache/c7/21/c721943edf481cad5ab32505e2ad3865.jpg
The Last Girl (The ...,36.26,http://books.toscrape.com/media/cache/da/47/da4746e620f8ccd7cf20628d1a5e535a.jpg
Having the Barbarian's Baby ...,34.96,http://books.toscrape.com/media/cache/f4/83/f4835e9f3fdd8b8107bbb39a391654f0.jpg
The Coming Woman: A ...,17.93,http://books.toscrape.com/media/cache/3d/54/3d54940e57e662c4dd1f3ff00c78cc64.jpg
The Boys in the ...,22.6,http://books.toscrape.com/media/cache/66/88/66883b91f6804b2323c8369331cb7dd1.jpg
Starving Hearts (Triangular Trade ...,13.99,http://books.toscrape.com/media/cache/be/f4/bef44da28c98f905a3ebec0b87be8530.jpg
America's Cradle of Quarterbacks: ...,22.5,http://books.toscrape.com/media/cache/ef/0b/ef0bed08de4e083dba5e20fdb98d9c36.jpg
Aladdin and His Wonderful ...,53.13,http://books.toscrape.com/media/cache/d6/da/d6da0371958068bbaf39ea9c174275cd.jpg
Penny Maybe,33.29,http://books.toscrape.com/media/cache/12/53/1253c21c5ef3c6d075c5fa3f5fecee6a.jpg
Maude (1883-1993):She Grew Up ...,18.02,http://books.toscrape.com/media/cache/f5/88/f5889d038f5d8e949b494d147c2dcf54.jpg
The Inefficiency Assassin: Time ...,20.59,http://books.toscrape.com/media/cache/75/dc/75dce2f5949b407161f37f0af249b018.jpg
Soul Reader,39.58,http://books.toscrape.com/media/cache/69/85/69852567cf97264a1442cbc882c84903.jpg
Bossypants,49.46,http://books.toscrape.com/media/cache/27/d2/27d20361745ec2f7be668b18a4da29da.jpg
A World of Flavor: ...,42.95,http://books.toscrape.com/media/cache/78/2e/782e315667ec50759b8603527ee33dec.jpg
"A Piece of Sky, ...",56.76,http://books.toscrape.com/media/cache/08/89/088995e862aac86c88c608d763f6390e.jpg
Tracing Numbers on a ...,41.6,http://books.toscrape.com/media/cache/06/a6/06a6cfcf89afd1601cbba1a16cda57fb.jpg
Thirteen Reasons Why,52.72,http://books.toscrape.com/media/cache/8a/83/8a83b6ce350f01bab21f85e6ba539316.jpg
The Secret (The Secret ...,27.37,http://books.toscrape.com/media/cache/4e/0f/4e0f05ae01d8fb6bd0d3901edd06de16.jpg
The Psychopath Test: A ...,36.0,http://books.toscrape.com/media/cache/34/f5/34f5f8e513c5f048241f5695e61b2483.jpg
The Kite Runner,41.82,http://books.toscrape.com/media/cache/58/9d/589d73503d9a23d224de836134fae553.jpg
The Girl on the ...,55.02,http://books.toscrape.com/media/cache/25/6c/256c946dd0962095f66c6de3b15ab300.jpg
The Emerald Mystery,23.15,http://books.toscrape.com/media/cache/81/58/81586cd0bf8743e1f5ed80b6a0e1fabe.jpg
The Bridge to Consciousness: ...,32.0,http://books.toscrape.com/media/cache/fe/b7/feb764b2afa54991cfdbbffdf501b333.jpg
Rip it Up and ...,35.02,http://books.toscrape.com/media/cache/81/c4/81c4a973364e17d01f217e1188253d5e.jpg
Our Band Could Be ...,57.25,http://books.toscrape.com/media/cache/54/60/54607fe8945897cdcced0044103b10b6.jpg
How Music Works,37.32,http://books.toscrape.com/media/cache/5c/c8/5cc8e107246cb478960d4f0aba1e1c8e.jpg
Love Is a Mix ...,18.03,http://books.toscrape.com/media/cache/a2/6d/a26d8449abb3381e09126eda5f4e8151.jpg
Please Kill Me: The ...,31.19,http://books.toscrape.com/media/cache/06/f1/06f185c0be2ad6e2fe059464c03f1b47.jpg
Kill 'Em and Leave: ...,45.05,http://books.toscrape.com/media/cache/85/42/8542841f5644a6daf433504f1e106e97.jpg
"Chronicles, Vol. 1",52.6,http://books.toscrape.com/media/cache/11/fc/11fc94453c4dc0d68543971d7843afb0.jpg
This Is Your Brain ...,38.4,http://books.toscrape.com/media/cache/35/a4/35a4a7c6c76c4e82186753078e441654.jpg
Orchestra of Exiles: The ...,12.36,http://books.toscrape.com/media/cache/15/de/15de75548ee9a4c6be1420ee309c03e0.jpg
No One Here Gets ...,20.02,http://books.toscrape.com/media/cache/7a/7e/7a7eb52e7075a5305522948375c1316e.jpg
Life,31.58,http://books.toscrape.com/media/cache/99/97/9997eda658c2fe50e724171f9c2a2b0b.jpg
Old Records Never Die: ...,55.66,http://books.toscrape.com/media/cache/7e/94/7e947f3dd04f178175b85123829467a9.jpg
Forever Rockers (The Rocker ...,28.8,http://books.toscrape.com/media/cache/7f/b0/7fb03a053c270000667a50dd8d594843.jpg
Worlds Elsewhere: Journeys Around ...,40.3,http://books.toscrape.com/media/cache/2e/98/2e98c332bf8563b584784971541c4445.jpg
The Five Love Languages: ...,31.05,http://books.toscrape.com/media/cache/38/c5/38c56fba316c07305643a8065269594e.jpg
Reasons to Stay Alive,26.41,http://books.toscrape.com/media/cache/cb/bd/cbbdb0222ee8a0f6ab61657412a15794.jpg
#HigherSelfie: Wake Up Your ...,23.11,http://books.toscrape.com/media/cache/9c/46/9c463c7631c82401160fd3b554b8f0e1.jpg
Unseen City: The Majesty ...,44.18,http://books.toscrape.com/media/cache/41/a2/41a20f35adf0caea24f208dc01ad7681.jpg
Throwing Rocks at the ...,31.12,http://books.toscrape.com/media/cache/03/86/038650c9e7517b4baf2a423cd8eed38f.jpg
The Life-Changing Magic of ...,16.77,http://books.toscrape.com/media/cache/95/64/95647d6a526bf54120b9445e124794e1.jpg
The Gutsy Girl: Escapades ...,37.13,http://books.toscrape.com/media/cache/64/15/641570cd7e7aded53c7d33d78a9629f1.jpg
The Electric Pencil: Drawings ...,56.06,http://books.toscrape.com/media/cache/2e/23/2e236e23ad52aa74505f224f6552eda8.jpg
Spark Joy: An Illustrated ...,41.83,http://books.toscrape.com/media/cache/f3/4f/f34ffb24cc21c9f9f52dad4fd8f3ac21.jpg
Reskilling America: Learning to ...,19.83,http://books.toscrape.com/media/cache/97/f8/97f8debeeaaece9603267653076e760f.jpg
In the Country We ...,22.0,http://books.toscrape.com/media/cache/fe/ea/feeafd2ad7b3077f8e74cbb1da9e3c7d.jpg
Everydata: The Misinformation Hidden ...,54.35,http://books.toscrape.com/media/cache/64/94/6494bf61176ca73b61255909230030be.jpg
Call the Nurse: True ...,29.14,http://books.toscrape.com/media/cache/88/9e/889e0bac4c7c0e7178f0165b8d3b4617.jpg
Algorithms to Live By: ...,30.81,http://books.toscrape.com/media/cache/23/b4/23b42e094c02d52b14b11a960d49610e.jpg
The Power of Now: ...,43.54,http://books.toscrape.com/media/cache/03/38/0338682e76bad3216cd4c6c28b2b625a.jpg
The Omnivore's Dilemma: A ...,38.21,http://books.toscrape.com/media/cache/14/f3/14f3d525e2a114cd71e27201a16af188.jpg
The Genius of Birds,17.24,http://books.toscrape.com/media/cache/13/57/1357c6aa40c9e63d2f931927fbf81f3f.jpg
The Artist's Way: A ...,38.49,http://books.toscrape.com/media/cache/0e/6d/0e6dc2484322c5b9e7854ced66fdf62d.jpg
So You've Been Publicly ...,12.23,http://books.toscrape.com/media/cache/6e/d4/6ed4991d97f60db29ec7b421e61a2cf3.jpg
